,^NYICDX,TWD=X,JPY=X,CNY=X,CNH=X,2330.TW,2454.TW,2303.TW,2317.TW,2382.TW,3231.TW,2603.TW,2609.TW,2615.TW,9921.TW,9914.TW
2025-08-18,98.2699966430664,30.025100708007812,147.91600036621094,7.184599876403809,6.741720199584961,1185.0,1390.0,41.04999923706055,208.0,268.0,115.5,194.5,60.29999923706055,85.5,103.5,105.0
2025-08-19,98.2699966430664,30.1072998046875,147.7310028076172,7.1819000244140625,6.741720199584961,1185.0,1390.0,41.04999923706055,208.0,268.0,115.5,194.5,60.29999923706055,85.5,103.5,105.0
2025-08-20,98.22000122070312,30.280099868774414,147.3179931640625,7.1757001876831055,6.741720199584961,1135.0,1355.0,41.900001525878906,200.5,259.5,113.5,192.5,60.400001525878906,86.5,103.0,105.5
2025-08-21,98.62000274658203,30.516000747680664,148.38600158691406,7.179900169372559,6.741720199584961,1150.0,1365.0,41.400001525878906,206.0,259.0,111.5,194.0,60.599998474121094,85.69999694824219,104.0,109.5
2025-08-22,97.72000122070312,30.516000747680664,148.38600158691406,7.179900169372559,6.741720199584961,1135.0,1365.0,40.599998474121094,202.5,258.5,112.0,190.5,59.599998474121094,84.0999984741211,103.0,108.0
2025-08-24,97.72000122070312,30.367300033569336,147.21499633789062,7.167500019073486,6.741720199584961,1135.0,1365.0,40.599998474121094,202.5,258.5,112.0,190.5,59.599998474121094,84.0999984741211,103.0,108.0
2025-08-25,98.43000030517578,30.444000244140625,147.82200622558594,7.151000022888184,6.741720199584961,1170.0,1410.0,40.54999923706055,207.5,268.0,113.5,189.0,59.20000076293945,83.80000305175781,105.5,111.0
2025-08-26,98.2300033569336,30.546600341796875,147.46200561523438,7.1519999504089355,6.741720199584961,1175.0,1400.0,41.79999923706055,209.0,265.0,113.0,188.5,59.0,83.5999984741211,103.0,111.0
2025-08-27,98.2300033569336,30.575000762939453,147.3159942626953,7.1529998779296875,6.741720199584961,1190.0,1400.0,40.95000076293945,208.0,269.0,115.0,188.0,58.599998474121094,83.4000015258789,105.0,112.5
2025-08-28,97.80999755859375,30.492799758911133,146.7899932861328,7.1529998779296875,6.741720199584961,1160.0,1385.0,40.599998474121094,206.0,266.0,115.0,188.0,58.79999923706055,84.0999984741211,104.5,112.5
2025-08-29,97.7699966430664,30.492799758911133,146.7899932861328,7.1529998779296875,6.741720199584961,1160.0,1370.0,40.5,203.5,262.5,113.0,185.5,57.70000076293945,82.80000305175781,105.0,113.5
2025-08-31,97.7699966430664,30.56049919128418,147.0970001220703,7.13040018081665,6.741720199584961,1160.0,1370.0,40.5,203.5,262.5,113.0,185.5,57.70000076293945,82.80000305175781,105.0,113.5
2025-09-01,97.7699966430664,30.62529945373535,147.08399963378906,7.13040018081665,6.741720199584961,1165.0,1360.0,40.75,198.5,256.0,109.5,184.0,57.20000076293945,81.4000015258789,103.0,112.5
2025-09-02,98.4000015258789,30.743999481201172,148.54800415039062,7.138999938964844,6.741720199584961,1160.0,1360.0,40.900001525878906,198.5,253.5,110.0,183.0,56.900001525878906,80.5999984741211,103.0,114.0
2025-09-03,98.13999938964844,30.722000122070312,147.97999572753906,7.14139986038208,6.741720199584961,1160.0,1395.0,40.900001525878906,200.5,253.5,110.0,183.0,57.400001525878906,80.69999694824219,101.0,110.5
2025-09-04,98.3499984741211,30.694000244140625,148.375,7.14139986038208,6.741720199584961,1160.0,1385.0,42.0,203.0,257.0,113.0,185.0,58.0,82.4000015258789,103.5,114.0
2025-09-05,97.7699966430664,30.694000244140625,148.375,7.14139986038208,6.741720199584961,1180.0,1435.0,41.20000076293945,205.0,258.5,115.5,186.5,57.900001525878906,82.19999694824219,103.5,113.0
2025-09-07,97.7699966430664,30.479000091552734,148.343994140625,7.132500171661377,6.741720199584961,1180.0,1435.0,41.20000076293945,205.0,258.5,115.5,186.5,57.900001525878906,82.19999694824219,103.5,113.0
2025-09-08,97.44999694824219,30.331100463867188,147.36399841308594,7.129300117492676,6.741720199584961,1180.0,1430.0,41.599998474121094,203.5,260.0,114.5,186.5,57.70000076293945,82.19999694824219,105.5,112.5
2025-09-09,97.79000091552734,30.351600646972656,147.39199829101562,7.1209001541137695,6.741720199584961,1200.0,1510.0,41.45000076293945,207.5,262.5,116.0,184.5,57.099998474121094,81.19999694824219,102.5,109.0
2025-09-10,97.77999877929688,30.236799240112305,147.33200073242188,7.120699882507324,6.741720199584961,1225.0,1490.0,41.25,210.0,273.0,120.0,185.5,56.79999923706055,80.9000015258789,103.0,109.5
2025-09-11,97.54000091552734,30.290000915527344,147.2239990234375,7.1184000968933105,6.741720199584961,1240.0,1480.0,40.900001525878906,214.5,270.0,119.0,183.0,55.5,79.0,100.5,107.0
2025-09-12,97.55000305175781,30.290000915527344,147.2239990234375,7.1184000968933105,6.741720199584961,1260.0,1485.0,41.150001525878906,217.5,274.0,120.0,185.5,56.5,80.0,102.5,107.5
2025-09-14,97.55000305175781,30.284900665283203,147.66600036621094,7.124199867248535,6.741720199584961,1260.0,1485.0,41.150001525878906,217.5,274.0,120.0,185.5,56.5,80.0,102.5,107.5
2025-09-15,97.30000305175781,30.19409942626953,147.40499877929688,7.118500232696533,6.741720199584961,1255.0,1485.0,41.099998474121094,216.0,276.0,119.5,183.5,56.0,79.5999984741211,103.0,108.0
2025-09-16,96.62999725341797,30.047199249267578,146.41299438476562,7.114200115203857,6.741720199584961,1280.0,1535.0,41.04999923706055,215.5,273.5,118.0,183.5,56.0,80.4000015258789,103.5,109.0
2025-09-17,96.87000274658203,30.08639907836914,146.89100646972656,7.103300094604492,6.741720199584961,1265.0,1510.0,41.45000076293945,212.0,273.0,119.0,183.5,56.099998474121094,80.19999694824219,103.0,110.0
2025-09-18,97.3499984741211,30.11050033569336,147.94700622558594,7.1128997802734375,6.741720199584961,1285.0,1510.0,41.79999923706055,215.0,279.5,120.0,184.5,56.099998474121094,80.9000015258789,103.0,112.0
2025-09-19,97.63999938964844,30.11050033569336,147.94700622558594,7.1128997802734375,6.741720199584961,1265.0,1440.0,43.25,214.0,281.0,121.0,188.5,57.099998474121094,81.5,100.5,108.5
2025-09-21,97.63999938964844,30.215999603271484,148.09500122070312,7.1128997802734375,6.741720199584961,1265.0,1440.0,43.25,214.0,281.0,121.0,188.5,57.099998474121094,81.5,100.5,108.5
2025-09-22,97.33000183105469,30.21769905090332,147.72500610351562,7.113999843597412,6.741720199584961,1295.0,1405.0,43.04999923706055,216.0,281.0,121.5,183.5,55.900001525878906,79.30000305175781,101.5,109.0
2025-09-23,97.26000213623047,30.27400016784668,147.61300659179688,7.111599922180176,6.741720199584961,1340.0,1375.0,43.900001525878906,221.0,286.5,122.5,182.0,55.20000076293945,77.9000015258789,101.0,108.0
2025-09-24,97.87000274658203,30.364099502563477,148.75100708007812,7.131499767303467,6.741720199584961,1340.0,1330.0,44.849998474121094,223.0,283.5,121.5,180.5,55.0,76.80000305175781,100.5,107.5
2025-09-25,98.55000305175781,30.561500549316406,149.86099243164062,7.133800029754639,6.741720199584961,1320.0,1345.0,44.29999923706055,230.0,285.0,125.5,180.0,55.0,76.19999694824219,99.9000015258789,105.0
2025-09-26,98.1500015258789,30.561500549316406,149.86099243164062,7.133800029754639,6.741720199584961,1300.0,1310.0,44.849998474121094,219.5,285.0,128.0,178.0,53.29999923706055,74.19999694824219,95.5,103.0
2025-09-28,98.1500015258789,30.444000244140625,149.40499877929688,7.132800102233887,6.741720199584961,1300.0,1310.0,44.849998474121094,219.5,285.0,128.0,178.0,53.29999923706055,74.19999694824219,95.5,103.0
2025-09-29,97.91000366210938,30.458200454711914,148.59500122070312,7.1194000244140625,6.741720199584961,1300.0,1310.0,44.849998474121094,219.5,285.0,128.0,178.0,53.29999923706055,74.19999694824219,95.5,103.0
2025-09-30,97.7699966430664,30.442100524902344,147.9969940185547,7.11899995803833,6.741720199584961,1305.0,1315.0,45.54999923706055,216.0,290.0,140.5,179.0,53.0,74.30000305175781,94.9000015258789,101.5
2025-10-01,97.70999908447266,30.44700050354004,147.08299255371094,7.11899995803833,6.741720199584961,1325.0,1285.0,44.25,219.0,286.5,146.0,177.5,52.29999923706055,74.0999984741211,93.0,100.0
2025-10-02,97.8499984741211,30.46380043029785,147.14999389648438,7.11899995803833,6.741720199584961,1365.0,1280.0,43.79999923706055,225.5,294.0,149.5,177.5,51.5,73.30000305175781,94.5,100.5
2025-10-03,97.72000122070312,30.46380043029785,147.14999389648438,7.11899995803833,6.741720199584961,1400.0,1320.0,43.849998474121094,226.5,300.0,153.5,180.5,52.0,73.5,94.0999984741211,101.0
2025-10-05,97.72000122070312,30.420000076293945,149.6060028076172,7.11899995803833,6.741720199584961,1400.0,1320.0,43.849998474121094,226.5,300.0,153.5,180.5,52.0,73.5,94.0999984741211,101.0
2025-10-06,98.11000061035156,30.510499954223633,150.33099365234375,7.11899995803833,6.741720199584961,1400.0,1320.0,43.849998474121094,226.5,300.0,153.5,180.5,52.0,73.5,94.0999984741211,101.0
2025-10-07,98.58000183105469,30.536699295043945,152.05099487304688,7.11899995803833,6.741720199584961,1435.0,1325.0,44.29999923706055,228.5,308.5,156.0,180.0,51.79999923706055,73.5,97.80000305175781,102.5
2025-10-08,98.8499984741211,30.524999618530273,152.67999267578125,7.118500232696533,6.741720199584961,1415.0,1335.0,44.95000076293945,225.0,306.0,150.5,179.5,51.70000076293945,73.80000305175781,96.4000015258789,103.0
2025-10-09,99.54000091552734,30.58329963684082,152.96499633789062,7.127500057220459,6.741720199584961,1440.0,1345.0,45.650001525878906,221.5,298.0,151.0,178.5,51.29999923706055,74.19999694824219,94.0,99.19999694824219
2025-10-10,98.9800033569336,30.58329963684082,152.96499633789062,7.127500057220459,6.741720199584961,1440.0,1345.0,45.650001525878906,221.5,298.0,151.0,178.5,51.29999923706055,74.19999694824219,94.0,99.19999694824219
2025-10-12,98.9800033569336,30.665000915527344,152.05599975585938,7.099999904632568,6.741720199584961,1440.0,1345.0,45.650001525878906,221.5,298.0,151.0,178.5,51.29999923706055,74.19999694824219,94.0,99.19999694824219
2025-10-13,99.2699966430664,30.69099998474121,152.4340057373047,7.099999904632568,6.741720199584961,1415.0,1315.0,45.45000076293945,213.0,294.5,145.5,179.0,51.599998474121094,76.19999694824219,96.4000015258789,99.80000305175781
2025-10-14,99.05000305175781,30.683900833129883,151.7310028076172,7.138400077819824,6.741720199584961,1425.0,1305.0,44.849998474121094,206.0,284.0,138.0,189.0,56.70000076293945,83.80000305175781,98.0,101.0
2025-10-15,98.79000091552734,30.609800338745117,150.9739990234375,7.126200199127197,6.741720199584961,1465.0,1315.0,44.5,206.5,286.0,138.0,184.0,53.20000076293945,80.5,99.69999694824219,99.9000015258789
2025-10-16,98.38999938964844,30.611900329589844,150.1199951171875,7.123000144958496,6.741720199584961,1485.0,1330.0,44.900001525878906,223.0,291.5,139.5,185.5,53.29999923706055,79.5,103.5,103.0
2025-10-17,98.43000030517578,30.611900329589844,150.1199951171875,7.123000144958496,6.741720199584961,1450.0,1330.0,45.75,226.5,288.5,136.5,186.5,54.099998474121094,80.19999694824219,102.5,102.5
2025-10-19,98.43000030517578,30.62190055847168,150.89999389648438,7.126399993896484,6.741720199584961,1450.0,1330.0,45.75,226.5,288.5,136.5,186.5,54.099998474121094,80.19999694824219,102.5,102.5
2025-10-20,98.58999633789062,30.597299575805664,150.7740020751953,7.119500160217285,6.741720199584961,1480.0,1340.0,46.099998474121094,238.5,296.5,142.0,184.5,54.0,79.30000305175781,104.0,103.0
2025-10-21,98.93000030517578,30.67729949951172,151.89300537109375,7.121799945831299,6.741720199584961,1480.0,1340.0,45.45000076293945,239.0,291.0,142.5,182.0,53.79999923706055,77.80000305175781,103.5,102.0
2025-10-22,98.9000015258789,30.745100021362305,151.95399475097656,7.125699996948242,6.741720199584961,1460.0,1330.0,45.5,242.5,289.5,143.5,182.5,53.900001525878906,77.9000015258789,105.5,103.5
2025-10-23,98.94000244140625,30.774999618530273,152.6020050048828,7.125699996948242,6.741720199584961,1450.0,1295.0,45.400001525878906,239.0,293.5,143.0,185.0,54.0,77.0,109.0,108.5
2025-10-24,98.94999694824219,30.774999618530273,152.6020050048828,7.125699996948242,6.741720199584961,1450.0,1295.0,45.400001525878906,239.0,293.5,143.0,185.0,54.0,77.0,109.0,108.5
2025-10-27,98.77999877929688,30.83329963684082,153.06100463867188,7.121099948883057,6.741720199584961,1480.0,1335.0,45.599998474121094,246.5,309.5,146.5,185.5,54.29999923706055,77.30000305175781,106.0,105.0
2025-10-28,98.69000244140625,30.60110092163086,152.69200134277344,7.110199928283691,6.741720199584961,1475.0,1315.0,46.0,250.0,304.0,148.0,187.5,55.099998474121094,77.80000305175781,104.5,104.5
2025-10-29,99.22000122070312,30.543100357055664,151.7310028076172,7.098800182342529,6.741720199584961,1505.0,1300.0,45.599998474121094,260.0,308.0,152.5,190.0,56.5,79.5,104.0,103.5
2025-10-30,99.52999877929688,30.665199279785156,152.7220001220703,7.098999977111816,6.741720199584961,1505.0,1310.0,45.849998474121094,262.0,306.0,155.0,196.0,60.0,87.4000015258789,105.0,102.0
2025-10-31,99.80000305175781,30.73069953918457,153.89999389648438,7.109799861907959,6.741720199584961,1500.0,1310.0,46.400001525878906,257.5,300.5,150.5,193.5,57.5,82.0999984741211,101.5,100.0
2025-11-03,99.87000274658203,30.78179931640625,154.19500732421875,7.1168999671936035,6.741720199584961,1510.0,1300.0,47.599998474121094,251.5,297.5,143.5,193.0,56.5,82.0,103.0,100.0
2025-11-04,100.22000122070312,30.903099060058594,154.20399475097656,7.171800136566162,6.741720199584961,1505.0,1315.0,47.400001525878906,244.0,287.5,139.0,188.0,55.20000076293945,82.0999984741211,99.0999984741211,98.4000015258789
2025-11-05,100.19999694824219,30.91900062561035,153.5570068359375,7.129499912261963,6.741720199584961,1460.0,1330.0,47.099998474121094,247.0,289.5,137.5,185.5,54.5,80.69999694824219,99.5,99.4000015258789
2025-11-06,99.7300033569336,30.892900466918945,154.072998046875,7.125999927520752,6.741720199584961,1465.0,1290.0,45.79999923706055,248.0,293.0,142.0,188.5,55.0,82.9000015258789,100.5,100.5
2025-11-07,99.5999984741211,30.97879981994629,152.947998046875,7.118599891662598,6.741720199584961,1460.0,1260.0,45.0,244.0,287.0,137.5,187.0,54.29999923706055,82.5999984741211,98.0,98.69999694824219
2025-11-10,99.62000274658203,30.966800689697266,153.81700134277344,7.118599891662598,6.741720199584961,1475.0,1250.0,45.20000076293945,249.5,291.5,138.5,182.5,53.0,80.0,94.80000305175781,94.5
2025-11-11,99.45999908447266,30.966800689697266,154.14599609375,7.11929988861084,6.741720199584961,1465.0,1240.0,45.25,246.5,291.5,144.5,180.0,52.70000076293945,79.0999984741211,94.19999694824219,93.4000015258789
2025-11-12,99.4800033569336,30.96430015563965,154.0749969482422,7.11929988861084,6.741720199584961,1475.0,1245.0,45.0,251.0,288.0,139.0,186.0,54.099998474121094,81.5999984741211,94.9000015258789,94.30000305175781
2025-11-13,99.18000030517578,31.06410026550293,154.71299743652344,7.11929988861084,6.741720199584961,1460.0,1245.0,44.45000076293945,252.0,285.0,144.0,187.5,54.20000076293945,83.80000305175781,95.80000305175781,95.4000015258789
2025-11-14,99.2699966430664,31.124900817871094,154.63299560546875,7.111999988555908,6.741720199584961,1430.0,1230.0,44.150001525878906,241.0,279.5,140.5,185.5,53.70000076293945,82.5,96.5,95.0999984741211
2025-11-17,99.58999633789062,30.554500579833984,154.5850067138672,7.0991997718811035,6.741720199584961,1445.0,1230.0,43.849998474121094,236.0,276.0,138.0,181.5,53.099998474121094,81.4000015258789,94.0,93.5
2025-11-18,99.55000305175781,31.174999237060547,155.2729949951172,7.107500076293945,6.741720199584961,1405.0,1170.0,44.20000076293945,230.0,270.0,137.0,179.5,51.599998474121094,83.30000305175781,91.0,88.4000015258789
2025-11-19,100.2300033569336,31.103200912475586,155.54800415039062,7.107500076293945,6.741720199584961,1395.0,1160.0,44.349998474121094,229.0,267.0,137.0,179.5,51.5,82.5,91.69999694824219,88.69999694824219
2025-11-20,100.16000366210938,31.183000564575195,156.99200439453125,7.107500076293945,6.741720199584961,1455.0,1185.0,44.650001525878906,236.5,274.0,143.0,182.5,51.599998474121094,81.80000305175781,92.19999694824219,88.5999984741211
2025-11-21,100.18000030517578,31.352100372314453,157.36900329589844,7.107500076293945,6.741720199584961,1385.0,1145.0,45.0,225.0,270.0,139.0,180.0,51.0,79.69999694824219,94.5,90.4000015258789
2025-11-24,100.13999938964844,31.338600158691406,156.68800354003906,7.106599807739258,6.741720199584961,1375.0,1150.0,46.54999923706055,220.0,272.0,139.0,179.0,52.29999923706055,79.5,94.5999984741211,89.4000015258789
2025-11-25,99.66000366210938,31.42609977722168,156.93899536132812,7.102200031280518,6.741720199584961,1415.0,1185.0,45.099998474121094,219.0,275.0,139.5,180.5,51.29999923706055,78.5,94.5999984741211,90.4000015258789
2025-11-26,99.5999984741211,31.388099670410156,156.22999572753906,7.084499835968018,6.741720199584961,1440.0,1300.0,45.45000076293945,227.0,279.5,142.5,182.0,52.5,82.69999694824219,103.0,96.0
2025-11-27,99.5999984741211,31.248899459838867,156.23899841308594,7.075799942016602,6.741720199584961,1435.0,1340.0,45.95000076293945,231.0,281.5,145.5,180.5,52.099998474121094,81.4000015258789,103.5,95.30000305175781
2025-11-28,99.45999908447266,31.314699172973633,156.28399658203125,7.075799942016602,6.741720199584961,1440.0,1395.0,45.79999923706055,225.5,282.0,144.5,179.5,52.0,80.5999984741211,100.5,92.5
2025-12-01,99.41000366210938,31.37689971923828,155.92799377441406,7.075099945068359,6.741720199584961,1410.0,1445.0,46.5,222.0,287.0,141.0,181.5,52.400001525878906,81.19999694824219,101.5,93.5
2025-12-02,99.36000061035156,31.395999908447266,155.5570068359375,7.071700096130371,6.741720199584961,1430.0,1415.0,47.20000076293945,222.0,288.5,143.0,181.5,52.0,80.80000305175781,103.0,93.80000305175781
2025-12-03,98.8499984741211,31.402000427246094,155.8070068359375,7.070000171661377,6.741720199584961,1450.0,1400.0,47.5,227.0,292.5,145.0,182.5,51.900001525878906,80.5,103.0,93.30000305175781
2025-12-04,98.98999786376953,31.314699172973633,155.10699462890625,7.063600063323975,6.741720199584961,1445.0,1405.0,48.0,228.5,294.5,146.0,184.5,52.5,80.5,102.0,93.80000305175781
2025-12-05,98.98999786376953,31.364999771118164,155.14199829101562,7.071400165557861,6.741720199584961,1460.0,1425.0,48.900001525878906,231.0,297.5,151.0,183.0,51.70000076293945,79.69999694824219,101.5,92.30000305175781
2025-12-08,99.08999633789062,31.27400016784668,155.33999633789062,7.0696001052856445,6.741720199584961,1495.0,1440.0,49.29999923706055,232.0,297.5,149.0,180.0,51.20000076293945,78.9000015258789,102.5,91.69999694824219
2025-12-09,99.22000122070312,31.16469955444336,155.843994140625,7.071000099182129,6.741720199584961,1480.0,1420.0,49.599998474121094,235.0,296.0,149.5,178.5,50.400001525878906,78.69999694824219,99.80000305175781,90.0
2025-12-10,98.79000091552734,31.150999069213867,156.83799743652344,7.063300132751465,6.741720199584961,1505.0,1460.0,49.349998474121094,233.5,292.5,147.5,179.0,50.599998474121094,78.5999984741211,98.19999694824219,89.4000015258789
2025-12-11,98.3499984741211,31.07699966430664,155.7899932861328,7.064000129699707,6.741720199584961,1470.0,1395.0,48.650001525878906,226.0,288.0,144.0,180.5,50.70000076293945,78.4000015258789,96.19999694824219,88.0999984741211
2025-12-12,98.4000015258789,31.180099487304688,155.56700134277344,7.0578999519348145,6.741720199584961,1480.0,1405.0,48.79999923706055,227.0,286.5,143.5,183.0,50.79999923706055,78.19999694824219,96.19999694824219,88.0999984741211
2025-12-15,98.1500015258789,31.320100784301758,155.88800048828125,7.053999900817871,6.741720199584961,1450.0,1420.0,48.849998474121094,221.5,285.0,141.5,183.5,51.29999923706055,78.69999694824219,95.19999694824219,87.19999694824219
2025-12-16,98.1500015258789,31.328699111938477,155.01499938964844,7.046999931335449,6.741720199584961,1435.0,1420.0,49.20000076293945,218.0,273.0,139.0,183.5,51.5,78.0999984741211,94.0,85.9000015258789
2025-12-17,98.37000274658203,31.4689998626709,154.7779998779297,7.0416998863220215,6.741720199584961,1430.0,1425.0,50.400001525878906,216.5,265.0,138.0,184.0,51.599998474121094,78.0,93.0,83.4000015258789
2025-12-18,98.43000030517578,31.632099151611328,155.4949951171875,7.043000221252441,6.741720199584961,1430.0,1420.0,50.29999923706055,216.0,260.0,139.5,183.0,50.70000076293945,76.4000015258789,94.0,84.5999984741211
2025-12-19,98.5999984741211,31.51409912109375,155.58599853515625,7.040500164031982,6.741720199584961,1430.0,1410.0,50.70000076293945,221.5,265.0,144.0,185.5,52.29999923706055,78.0,95.0,86.0
2025-12-22,98.29000091552734,31.5039005279541,157.67599487304688,7.040900230407715,6.741720199584961,1465.0,1400.0,50.900001525878906,224.0,267.0,146.5,186.0,52.70000076293945,78.19999694824219,97.30000305175781,86.19999694824219
2025-12-23,97.94000244140625,31.53219985961914,156.8769989013672,7.040900230407715,6.741720199584961,1490.0,1390.0,50.0,224.0,264.5,145.0,186.0,52.79999923706055,78.5,94.80000305175781,84.19999694824219
2025-12-24,97.9800033569336,31.489500045776367,156.17599487304688,7.0279998779296875,6.741720199584961,1495.0,1380.0,49.650001525878906,224.0,264.0,145.5,188.5,55.29999923706055,78.69999694824219,93.30000305175781,82.9000015258789
2025-12-26,98.0199966430664,31.570199966430664,156.08999633789062,7.0279998779296875,6.741720199584961,1510.0,1385.0,49.95000076293945,225.5,263.0,146.5,191.0,56.099998474121094,79.80000305175781,93.0,82.4000015258789
2025-12-29,98.04000091552734,31.3799991607666,156.46299743652344,7.0279998779296875,6.741720199584961,1530.0,1420.0,49.650001525878906,231.0,263.0,146.0,190.5,56.599998474121094,80.19999694824219,93.0,83.0
2025-12-30,98.23999786376953,31.317800521850586,156.01300048828125,7.0055999755859375,6.741720199584961,1520.0,1420.0,49.5,228.0,263.0,147.0,191.0,56.29999923706055,79.5,94.5999984741211,82.9000015258789
2025-12-31,98.27999877929688,31.243600845336914,156.41299438476562,6.996099948883057,6.741720199584961,1550.0,1430.0,49.25,230.5,272.0,150.5,190.0,55.70000076293945,78.80000305175781,92.5999984741211,82.69999694824219
2026-01-02,98.41999816894531,31.303499221801758,156.7310028076172,6.996099948883057,6.741720199584961,1585.0,1470.0,48.70000076293945,232.0,277.0,155.0,193.0,56.0,79.5999984741211,88.5999984741211,78.5
2026-01-05,98.2699966430664,31.358699798583984,156.98899841308594,6.993100166320801,6.741720199584961,1670.0,1525.0,48.5,234.5,278.0,155.0,190.0,54.900001525878906,78.4000015258789,88.69999694824219,79.0
2026-01-06,98.58000183105469,31.474599838256836,156.62600708007812,6.98799991607666,6.741720199584961,1705.0,1485.0,49.20000076293945,236.0,282.0,154.5,189.5,55.5,78.19999694824219,87.5999984741211,79.4000015258789
2026-01-07,98.68000030517578,31.49209976196289,156.67999267578125,6.983399868011475,6.741720199584961,1675.0,1490.0,54.099998474121094,238.5,282.0,158.5,195.5,57.599998474121094,80.5,90.19999694824219,80.30000305175781
2026-01-08,98.93000030517578,31.449100494384766,156.7310028076172,6.996500015258789,6.741720199584961,1685.0,1445.0,52.79999923706055,229.5,273.0,151.0,193.5,56.29999923706055,79.19999694824219,89.5,81.0
2026-01-09,99.12999725341797,31.5447998046875,156.8800048828125,6.983500003814697,6.741720199584961,1680.0,1420.0,55.099998474121094,230.5,283.0,149.0,193.5,56.20000076293945,79.19999694824219,89.0,81.0
2026-01-12,98.86000061035156,31.593299865722656,158.1490020751953,6.977200031280518,6.741720199584961,1690.0,1445.0,55.29999923706055,228.5,280.5,146.0,195.5,56.099998474121094,79.5999984741211,88.69999694824219,80.4000015258789
2026-01-13,99.12999725341797,31.569900512695312,157.98599243164062,6.973100185394287,6.741720199584961,1710.0,1485.0,54.900001525878906,226.5,279.0,143.5,195.0,55.400001525878906,78.9000015258789,90.0999984741211,84.0999984741211
2026-01-14,99.12999725341797,31.616899490356445,159.1790008544922,6.977499961853027,6.741720199584961,1710.0,1500.0,54.0,234.5,286.0,146.0,194.0,55.400001525878906,78.80000305175781,93.80000305175781,89.0
2026-01-15,99.31999969482422,31.510700225830078,158.40199279785156,6.9730000495910645,6.741720199584961,1690.0,1490.0,54.70000076293945,233.5,283.0,143.5,195.0,55.5,78.69999694824219,92.5,87.30000305175781
2026-01-16,99.38999938964844,31.564199447631836,158.5959930419922,6.966000080108643,6.741720199584961,1740.0,1505.0,58.5,234.5,289.5,145.0,190.0,54.5,77.19999694824219,95.0,92.0999984741211
2026-01-19,99.38999938964844,31.607999801635742,157.53500366210938,6.968100070953369,6.741720199584961,1760.0,1485.0,62.5,229.5,282.0,138.5,187.5,54.0,76.0,96.4000015258789,92.30000305175781
2026-01-20,98.63999938964844,31.548999786376953,158.177001953125,6.968100070953369,6.741720199584961,1775.0,1485.0,67.80000305175781,223.5,277.5,136.0,191.0,55.099998474121094,76.5999984741211,96.0,89.9000015258789
2026-01-21,98.76000213623047,31.682300567626953,158.16200256347656,6.95989990234375,6.741720199584961,1740.0,1465.0,68.4000015258789,219.0,275.0,133.5,191.0,55.20000076293945,76.0,94.19999694824219,88.69999694824219
2026-01-22,98.36000061035156,31.639999389648438,158.45599365234375,6.963699817657471,6.741720199584961,1760.0,1485.0,67.5999984741211,223.5,283.0,135.5,192.5,55.5,76.5999984741211,94.19999694824219,89.5
2026-01-23,97.5999984741211,31.583999633789062,158.50100708007812,6.972599983215332,6.741720199584961,1770.0,1630.0,64.80000305175781,221.5,280.0,136.5,189.5,54.29999923706055,75.69999694824219,92.9000015258789,88.80000305175781
2026-01-26,97.04000091552734,31.370800018310547,155.16600036621094,6.972599983215332,6.741720199584961,1755.0,1770.0,69.30000305175781,224.0,287.0,136.5,188.5,54.29999923706055,74.9000015258789,93.9000015258789,87.5999984741211
2026-01-27,96.22000122070312,31.440500259399414,154.33599853515625,6.95419979095459,6.741720199584961,1780.0,1775.0,76.19999694824219,225.5,287.5,134.5,187.0,53.900001525878906,74.0,94.30000305175781,88.4000015258789
2026-01-28,96.44999694824219,31.110300064086914,152.4530029296875,6.954500198364258,6.741720199584961,1820.0,1780.0,75.9000015258789,225.5,287.0,134.5,192.0,54.79999923706055,74.9000015258789,91.9000015258789,86.19999694824219
2026-01-29,96.27999877929688,31.26959991455078,153.0959930419922,6.954500198364258,6.741720199584961,1805.0,1780.0,68.4000015258789,224.0,283.0,132.5,190.0,54.70000076293945,74.30000305175781,91.5,86.4000015258789
2026-01-30,96.98999786376953,31.3617000579834,153.16200256347656,6.947999954223633,6.741720199584961,1775.0,1760.0,62.400001525878906,220.5,280.0,130.5,186.0,53.400001525878906,73.5,89.30000305175781,84.4000015258789
2026-02-02,97.61000061035156,31.58300018310547,155.20199584960938,6.951000213623047,6.741720199584961,1765.0,1705.0,60.70000076293945,214.5,273.0,128.0,184.0,52.29999923706055,73.5,90.19999694824219,86.0999984741211
2026-02-03,97.44000244140625,31.57710075378418,155.4429931640625,6.946300029754639,6.741720199584961,1800.0,1795.0,60.79999923706055,216.5,276.5,128.5,185.0,52.400001525878906,73.5999984741211,92.69999694824219,88.9000015258789
2026-02-04,97.62000274658203,31.573200225830078,155.7989959716797,6.937699794769287,6.741720199584961,1785.0,1800.0,61.79999923706055,219.0,278.0,129.0,188.5,52.79999923706055,75.0,90.5,86.0
2026-02-05,97.81999969482422,31.657100677490234,156.91700744628906,6.937699794769287,6.741720199584961,1765.0,1770.0,61.5,215.5,273.0,127.5,187.0,52.79999923706055,74.80000305175781,90.0,86.4000015258789
2026-02-06,97.62999725341797,31.648799896240234,156.78399658203125,6.93779993057251,6.741720199584961,1780.0,1710.0,61.900001525878906,215.0,279.5,129.0,187.5,52.20000076293945,73.9000015258789,87.5,83.9000015258789
2026-02-09,96.81999969482422,31.575000762939453,157.24400329589844,6.938799858093262,6.741720199584961,1815.0,1830.0,62.400001525878906,218.5,284.0,131.0,186.5,52.20000076293945,73.80000305175781,87.5,82.5999984741211
2026-02-10,96.80000305175781,31.561199188232422,156.1320037841797,6.921999931335449,6.741720199584961,1880.0,1845.0,62.400001525878906,221.0,285.0,129.5,186.0,52.79999923706055,74.5,86.9000015258789,82.5
2026-02-11,96.83000183105469,31.478700637817383,154.48199462890625,6.910600185394287,6.741720199584961,1915.0,1855.0,62.79999923706055,227.0,286.0,131.5,186.0,53.29999923706055,75.0,87.5999984741211,82.0999984741211
2026-02-12,96.93000030517578,31.336999893188477,153.2689971923828,6.912499904632568,6.741720199584961,1915.0,1855.0,62.79999923706055,227.0,286.0,131.5,186.0,53.29999923706055,75.0,87.5999984741211,82.0999984741211
2026-02-13,96.87999725341797,31.416900634765625,152.8209991455078,6.900100231170654,6.741720199584961,1915.0,1855.0,62.79999923706055,227.0,286.0,131.5,186.0,53.29999923706055,75.0,87.5999984741211,82.0999984741211
2026-02-16,96.87999725341797,31.368999481201172,152.7790069580078,6.9079999923706055,6.741720199584961,1915.0,1855.0,62.79999923706055,227.0,286.0,131.5,186.0,53.29999923706055,75.0,87.5999984741211,82.0999984741211
2026-02-17,97.16000366210938,31.32699966430664,153.60899353027344,6.9079999923706055,6.741720199584961,1915.0,1855.0,62.79999923706055,227.0,286.0,131.5,186.0,53.29999923706055,75.0,87.5999984741211,82.0999984741211
2026-02-18,97.69999694824219,31.375999450683594,153.1490020751953,6.9079999923706055,6.741720199584961,1915.0,1855.0,62.79999923706055,227.0,286.0,131.5,186.0,53.29999923706055,75.0,87.5999984741211,82.0999984741211
2026-02-19,97.93000030517578,31.52910041809082,154.6929931640625,6.9079999923706055,6.741720199584961,1915.0,1855.0,62.79999923706055,227.0,286.0,131.5,186.0,53.29999923706055,75.0,87.5999984741211,82.0999984741211
2026-02-20,97.80000305175781,31.57900047302246,155.16000366210938,6.908100128173828,6.741720199584961,1915.0,1855.0,62.79999923706055,227.0,286.0,131.5,186.0,53.29999923706055,75.0,87.5999984741211,82.0999984741211
2026-02-23,97.69999694824219,31.51099967956543,154.33900451660156,6.9079999923706055,6.741720199584961,1900.0,1795.0,63.900001525878906,228.5,283.5,129.5,188.5,55.5,76.30000305175781,84.5999984741211,78.0
2026-02-24,97.87999725341797,31.434799194335938,154.63499450683594,6.9079999923706055,6.741720199584961,1965.0,1825.0,67.5,232.0,284.0,131.0,190.5,55.900001525878906,75.69999694824219,83.69999694824219,78.0
2026-02-25,97.69999694824219,31.377099990844727,155.8800048828125,6.8831000328063965,6.741720199584961,2015.0,1870.0,65.5,246.5,297.5,138.0,192.0,56.29999923706055,76.4000015258789,82.5999984741211,76.19999694824219
2026-02-26,97.79000091552734,31.269100189208984,156.1999969482422,6.869200229644775,6.741720199584961,1995.0,1945.0,65.4000015258789,243.0,291.5,136.0,197.0,57.400001525878906,76.4000015258789,81.69999694824219,75.19999694824219
2026-02-27,97.61000061035156,31.24679946899414,155.85899353027344,6.84089994430542,6.741720199584961,1995.0,1945.0,65.4000015258789,243.0,291.5,136.0,197.0,57.400001525878906,76.4000015258789,81.69999694824219,75.19999694824219
2026-03-02,98.37999725341797,31.375,156.63299560546875,6.857900142669678,6.741720199584961,1975.0,1900.0,64.5,239.0,301.0,135.0,210.0,60.0,79.9000015258789,83.19999694824219,74.0
2026-03-03,99.05000305175781,31.53499984741211,157.2570037841797,6.881999969482422,6.741720199584961,1935.0,1815.0,62.599998474121094,229.0,294.5,131.5,216.5,66.0,87.0,80.30000305175781,71.5999984741211
2026-03-04,98.7699966430664,31.733999252319336,157.7729949951172,6.899700164794922,6.741720199584961,1865.0,1720.0,60.0,217.0,281.0,125.0,209.5,63.599998474121094,81.5,76.9000015258789,69.9000015258789
2026-03-05,99.31999969482422,31.6299991607666,156.98300170898438,6.896999835968018,6.741720199584961,1900.0,1775.0,62.099998474121094,224.0,289.5,128.5,208.0,60.0,78.69999694824219,79.0,70.80000305175781
2026-03-06,98.98999786376953,31.905899047851562,157.53399658203125,6.896999835968018,6.741720199584961,1890.0,1765.0,62.0,223.0,289.0,130.5,210.5,60.70000076293945,78.5999984741211,77.9000015258789,70.30000305175781
2026-03-09,99.18000030517578,31.80229949951172,158.427001953125,6.896500110626221,6.741720199584961,1810.0,1665.0,59.70000076293945,210.5,282.0,127.5,210.5,61.599998474121094,81.0999984741211,75.0,69.0999984741211
2026-03-10,98.83000183105469,31.802000045776367,157.84800720214844,6.910999774932861,6.741720199584961,1850.0,1705.0,60.400001525878906,209.5,282.5,129.0,205.5,60.0,79.19999694824219,73.80000305175781,68.69999694824219
2026-03-11,99.2300033569336,31.77389907836914,158.11399841308594,6.876500129699707,6.741720199584961,1940.0,1765.0,62.20000076293945,219.0,289.0,133.0,210.0,60.900001525878906,79.80000305175781,72.5999984741211,70.0
2026-03-12,99.73999786376953,31.811500549316406,159.0749969482422,6.865499973297119,6.741720199584961,1885.0,1785.0,60.599998474121094,214.5,288.5,132.5,211.5,62.099998474121094,80.0,72.0999984741211,69.80000305175781
2026-03-13,100.36000061035156,31.89579963684082,159.20599365234375,6.868899822235107,6.741720199584961,1865.0,1720.0,59.5,214.5,289.0,134.0,207.5,59.20000076293945,78.69999694824219,71.0,69.19999694824219
2026-03-16,99.70999908447266,32.16310119628906,159.5679931640625,6.896100044250488,6.741720199584961,1845.0,1710.0,60.5,216.5,289.0,135.0,218.5,59.29999923706055,78.9000015258789,74.80000305175781,70.4000015258789
2026-03-17,99.58000183105469,31.94499969482422,159.10499572753906,6.95550012588501,6.741720199584961,1870.0,1730.0,60.70000076293945,212.0,289.0,134.0,218.0,58.5,79.30000305175781,73.5999984741211,69.4000015258789
2026-03-18,100.08999633789062,31.885000228881836,158.88900756835938,6.886300086975098,6.741720199584961,1905.0,1730.0,61.099998474121094,210.0,293.0,130.5,218.0,58.29999923706055,79.9000015258789,71.9000015258789,68.19999694824219
2026-03-19,99.2300033569336,32.03120040893555,159.7949981689453,6.872600078582764,6.741720199584961,1850.0,1680.0,58.70000076293945,205.0,286.5,127.5,217.5,56.5,78.5,70.0999984741211,67.0999984741211
2026-03-20,99.6500015258789,31.802099227905273,157.9239959716797,6.899799823760986,6.741720199584961,1840.0,1700.0,57.79999923706055,203.0,283.5,130.0,214.0,56.099998474121094,79.0,71.0,68.0999984741211
2026-03-23,98.94999694824219,32.02170181274414,159.23399353027344,6.885700225830078,6.741720199584961,1810.0,1625.0,56.70000076293945,196.0,280.0,125.5,204.0,52.79999923706055,74.80000305175781,73.19999694824219,68.5
2026-03-24,99.43000030517578,31.86199951171875,158.47900390625,6.880000114440918,6.741720199584961,1810.0,1620.0,56.5,195.0,281.5,129.0,203.0,52.400001525878906,74.0,71.0,67.9000015258789
2026-03-25,99.5999984741211,31.925800323486328,158.71800231933594,6.8917999267578125,6.741720199584961,1845.0,1620.0,59.099998474121094,200.0,285.0,128.0,206.0,53.70000076293945,75.5,71.0,67.5999984741211
2026-03-26,99.9000015258789,31.93589973449707,159.38400268554688,6.901000022888184,6.741720199584961,1840.0,1590.0,58.20000076293945,200.5,287.0,127.0,203.0,52.599998474121094,74.5,71.4000015258789,67.5
2026-03-27,100.1500015258789,31.93000030517578,159.70399475097656,6.910699844360352,6.741720199584961,1820.0,1585.0,57.79999923706055,199.5,289.0,127.0,201.0,52.400001525878906,75.0999984741211,71.4000015258789,66.0
2026-03-29,100.1500015258789,31.976999282836914,160.23399353027344,6.911600112915039,6.741720199584961,1820.0,1585.0,57.79999923706055,199.5,289.0,127.0,201.0,52.400001525878906,75.0999984741211,71.4000015258789,66.0
2026-03-30,100.51000213623047,32.03900146484375,159.84100341796875,6.911600112915039,6.741720199584961,1780.0,1510.0,57.0,194.0,281.0,125.5,203.5,53.0,78.19999694824219,71.80000305175781,65.69999694824219
2026-03-31,99.95999908447266,31.93790054321289,158.57899475097656,6.894199848175049,6.741720199584961,1760.0,1490.0,56.5,187.5,278.5,122.5,199.5,52.0,77.0999984741211,71.9000015258789,64.9000015258789
2026-04-01,99.6500015258789,32.00199890136719,158.68800354003906,6.870500087738037,6.741720199584961,1855.0,1465.0,57.400001525878906,197.0,290.5,127.0,204.5,52.70000076293945,79.80000305175781,71.5999984741211,65.5
2026-04-02,100.02999877929688,31.938100814819336,159.49099731445312,6.8850998878479,6.741720199584961,1810.0,1465.0,53.599998474121094,193.0,284.5,125.0,202.5,52.099998474121094,78.0,71.0999984741211,64.5999984741211
2026-04-05,100.02999877929688,31.96299934387207,159.77999877929688,6.882400035858154,6.741720199584961,1810.0,1465.0,53.599998474121094,193.0,284.5,125.0,202.5,52.099998474121094,78.0,71.0999984741211,64.5999984741211
2026-04-06,99.9800033569336,31.913999557495117,159.68299865722656,6.882299900054932,6.741720199584961,1810.0,1465.0,53.599998474121094,193.0,284.5,125.0,202.5,52.099998474121094,78.0,71.0999984741211,64.5999984741211
2026-04-07,99.63999938964844,31.893999099731445,158.71600341796875,6.8566999435424805,6.741720199584961,1860.0,1470.0,58.29999923706055,192.0,289.0,123.5,203.0,51.70000076293945,79.4000015258789,69.9000015258789,63.599998474121094
2026-04-08,99.12999725341797,31.720399856567383,158.64199829101562,6.828700065612793,6.741720199584961,1950.0,1580.0,60.29999923706055,201.5,307.5,131.0,202.0,51.70000076293945,78.80000305175781,70.0999984741211,61.900001525878906
2026-04-09,98.81999969482422,31.725799560546875,159.11199951171875,6.831399917602539,6.741720199584961,1955.0,1575.0,60.0,200.0,313.0,132.5,203.0,51.29999923706055,78.30000305175781,67.9000015258789,58.099998474121094
2026-04-10,98.6500015258789,31.725799560546875,159.11199951171875,6.831399917602539,6.741720199584961,2000.0,1575.0,62.0,200.5,321.5,135.0,202.5,51.29999923706055,77.0999984741211,67.30000305175781,59.400001525878906
2026-04-12,98.6500015258789,31.767000198364258,159.67999267578125,6.8277997970581055,6.741720199584961,2000.0,1575.0,62.0,200.5,321.5,135.0,202.5,51.29999923706055,77.0999984741211,67.30000305175781,59.400001525878906
2026-04-13,98.37000274658203,31.641199111938477,159.21400451660156,6.8302998542785645,6.741720199584961,1990.0,1620.0,60.099998474121094,200.0,319.0,134.5,200.0,50.599998474121094,76.5,68.4000015258789,60.79999923706055
2026-04-14,98.12000274658203,31.517000198364258,158.79200744628906,6.815700054168701,6.741720199584961,2055.0,1720.0,59.70000076293945,207.5,323.0,136.5,201.0,50.400001525878906,76.19999694824219,68.80000305175781,60.5
2026-04-15,98.05999755859375,31.586999893188477,158.8090057373047,6.817999839782715,6.741720199584961,2080.0,1790.0,62.099998474121094,207.5,308.5,133.0,203.0,51.5,77.5999984741211,68.4000015258789,60.5
2026-04-16,98.22000122070312,31.558000564575195,159.19500732421875,6.821100234985352,6.741720199584961,2085.0,1895.0,68.30000305175781,207.0,318.5,134.0,201.5,51.0,76.9000015258789,71.4000015258789,62.29999923706055
2026-04-17,98.0999984741211,31.558000564575195,159.19500732421875,6.821100234985352,6.741720199584961,2030.0,1925.0,73.0,206.0,323.0,136.5,198.0,50.70000076293945,75.30000305175781,69.19999694824219,60.900001525878906
2026-04-19,98.0999984741211,31.468000411987305,159.16099548339844,6.816999912261963,6.741720199584961,2030.0,1925.0,73.0,206.0,323.0,136.5,198.0,50.70000076293945,75.30000305175781,69.19999694824219,60.900001525878906
2026-04-20,98.05000305175781,31.41900062561035,158.843994140625,6.817399978637695,6.741720199584961,2025.0,1900.0,76.9000015258789,207.5,329.0,140.5,197.0,50.099998474121094,73.69999694824219,69.19999694824219,60.70000076293945
2026-04-21,98.41000366210938,31.48200035095215,159.3730010986328,6.820799827575684,6.741720199584961,2050.0,2090.0,76.19999694824219,211.0,340.0,144.5,201.5,50.70000076293945,74.0,70.30000305175781,61.599998474121094
2026-04-22,98.58999633789062,31.466800689697266,159.48800659179688,6.82420015335083,6.741720199584961,2050.0,2295.0,78.5999984741211,221.0,335.0,144.0,202.0,50.5,74.5,70.5,61.5
2026-04-23,98.80000305175781,31.530000686645508,159.7469940185547,6.826000213623047,6.741720199584961,2080.0,2215.0,73.5999984741211,225.0,322.0,139.5,201.0,50.099998474121094,73.9000015258789,68.69999694824219,59.900001525878906
2026-04-24,98.51000213623047,31.530000686645508,159.7469940185547,6.826000213623047,6.741720199584961,2185.0,2435.0,74.5,221.5,323.0,141.5,201.5,50.099998474121094,74.19999694824219,67.30000305175781,57.5
2026-04-26,98.51000213623047,31.440000534057617,159.5760040283203,6.835899829864502,6.741720199584961,2185.0,2435.0,74.5,221.5,323.0,141.5,201.5,50.099998474121094,74.19999694824219,67.30000305175781,57.5
2026-04-27,98.4800033569336,31.455699920654297,159.35699462890625,6.822800159454346,6.741720199584961,2265.0,2435.0,72.69999694824219,228.0,325.5,142.5,199.5,49.349998474121094,74.5999984741211,66.0,57.20000076293945
2026-04-28,98.62000274658203,31.51300048828125,159.552001953125,6.837399959564209,6.741720199584961,2215.0,2615.0,75.0999984741211,225.5,321.0,140.5,200.0,49.5,75.0,65.30000305175781,56.599998474121094
2026-04-29,98.91999816894531,31.62649917602539,160.1840057373047,6.837500095367432,6.741720199584961,2180.0,2575.0,74.5,225.0,322.0,140.5,201.5,49.349998474121094,75.69999694824219,66.4000015258789,57.900001525878906
2026-04-30,98.08000183105469,31.569000244140625,156.97799682617188,6.827300071716309,6.741720199584961,2135.0,2610.0,77.30000305175781,219.5,312.5,137.0,202.0,49.150001525878906,74.5999984741211,67.4000015258789,57.900001525878906
2026-05-01,98.20999908447266,31.569000244140625,156.97799682617188,6.827300071716309,6.741720199584961,2135.0,2610.0,77.30000305175781,219.5,312.5,137.0,202.0,49.150001525878906,74.5999984741211,67.4000015258789,57.900001525878906
2026-05-03,98.20999908447266,31.554000854492188,156.8459930419922,6.827499866485596,6.741720199584961,2135.0,2610.0,77.30000305175781,219.5,312.5,137.0,202.0,49.150001525878906,74.5999984741211,67.4000015258789,57.900001525878906
2026-05-04,98.47000122070312,31.597999572753906,157.19400024414062,6.829999923706055,6.741720199584961,2275.0,2870.0,81.19999694824219,227.5,318.0,140.5,206.0,49.95000076293945,75.5999984741211,68.9000015258789,57.900001525878906
2026-05-05,98.4800033569336,31.545000076293945,157.677001953125,6.830100059509277,6.741720199584961,2250.0,3155.0,83.0999984741211,239.5,321.0,142.0,208.0,50.099998474121094,77.0,69.30000305175781,58.20000076293945
2026-05-06,98.0199966430664,31.398500442504883,156.50799560546875,6.810999870300293,6.741720199584961,2250.0,3430.0,91.4000015258789,252.0,346.5,146.5,212.0,50.599998474121094,77.80000305175781,68.80000305175781,56.400001525878906
2026-05-07,98.25,31.392099380493164,156.82899475097656,6.801400184631348,6.741720199584961,2310.0,3420.0,96.5,253.5,344.0,146.0,213.5,50.70000076293945,78.19999694824219,67.80000305175781,56.099998474121094
2026-05-08,97.83999633789062,31.392099380493164,156.82899475097656,6.801400184631348,6.741720199584961,2290.0,3630.0,91.30000305175781,250.0,340.5,146.5,211.5,49.900001525878906,76.5,66.0,55.70000076293945
2026-05-10,97.83999633789062,31.301000595092773,156.85800170898438,6.80049991607666,6.741720199584961,2290.0,3630.0,91.30000305175781,250.0,340.5,146.5,211.5,49.900001525878906,76.5,66.0,55.70000076293945
2026-05-11,97.94000244140625,31.3518009185791,157.2310028076172,6.7947998046875,6.741720199584961,2235.0,3880.0,95.0,252.0,343.5,139.0,214.0,50.79999923706055,78.5,69.80000305175781,57.5
2026-05-12,98.29000091552734,31.501100540161133,157.67100524902344,6.791999816894531,6.741720199584961,2255.0,3700.0,104.5,250.0,340.0,141.5,214.0,50.099998474121094,76.9000015258789,72.0999984741211,59.5
2026-05-13,98.4800033569336,31.55900001525879,157.8509979248047,6.790800094604492,6.741720199584961,2220.0,3495.0,98.4000015258789,251.0,340.5,140.5,210.0,49.25,74.30000305175781,75.69999694824219,62.900001525878906
2026-05-14,98.87999725341797,31.56439971923828,158.3820037841797,6.785099983215332,6.741720199584961,2270.0,3405.0,108.0,244.5,334.5,138.0,211.5,48.599998474121094,74.80000305175781,73.5,63.79999923706055
2026-05-15,99.2699966430664,31.56439971923828,158.3820037841797,6.785099983215332,6.741720199584961,2265.0,3260.0,110.0,248.5,306.0,135.5,200.5,48.04999923706055,74.19999694824219,75.9000015258789,70.0999984741211
2026-05-17,99.2699966430664,31.586999893188477,158.843994140625,6.809199810028076,6.741720199584961,2265.0,3260.0,110.0,248.5,306.0,135.5,200.5,48.04999923706055,74.19999694824219,75.9000015258789,70.0999984741211
2026-05-18,98.97000122070312,31.554100036621094,158.86099243164062,6.800000190734863,6.741720199584961,2240.0,3400.0,111.0,248.5,300.0,135.5,197.5,48.54999923706055,76.9000015258789,72.30000305175781,68.4000015258789
2026-05-19,99.30000305175781,31.72920036315918,159.03500366210938,6.814499855041504,6.741720199584961,2205.0,3155.0,113.0,245.0,290.0,132.5,197.0,49.5,80.4000015258789,72.0,68.5
2026-05-20,99.11000061035156,31.59119987487793,158.88800048828125,6.80049991607666,6.741720199584961,2185.0,3230.0,108.0,240.0,290.0,132.5,212.5,50.29999923706055,81.0999984741211,70.5999984741211,68.5
2026-05-21,99.19000244140625,31.550800323486328,159.01800537109375,6.802499771118164,6.741720199584961,2230.0,3550.0,116.0,247.5,308.0,140.0,212.0,51.099998474121094,81.19999694824219,70.80000305175781,70.0
2026-05-22,99.31999969482422,31.550800323486328,159.01800537109375,6.802499771118164,6.741720199584961,2255.0,3860.0,114.0,250.0,316.0,144.5,219.0,53.0,84.30000305175781,70.30000305175781,67.80000305175781
2026-05-24,99.31999969482422,31.43899917602539,158.9459991455078,6.79449987411499,6.741720199584961,2255.0,3860.0,114.0,250.0,316.0,144.5,219.0,53.0,84.30000305175781,70.30000305175781,67.80000305175781
2026-05-25,99.31999969482422,31.448400497436523,158.95399475097656,6.79449987411499,6.741720199584961,2310.0,4245.0,125.0,261.0,316.5,149.0,214.0,51.79999923706055,83.30000305175781,69.5,68.19999694824219
2026-05-26,99.16999816894531,31.445899963378906,159.2429962158203,6.785999774932861,6.741720199584961,2270.0,4265.0,130.5,259.0,316.5,146.0,211.5,52.0,81.5,68.0,67.30000305175781
2026-05-27,99.20999908447266,31.465900421142578,159.5679931640625,6.778800010681152,6.741720199584961,2300.0,4640.0,143.5,264.0,312.0,145.0,211.5,52.599998474121094,81.80000305175781,66.19999694824219,64.9000015258789
2026-05-28,99.0199966430664,31.423999786376953,159.27000427246094,6.7795000076293945,6.741720199584961,2295.0,4410.0,142.0,263.0,308.5,144.5,211.0,52.29999923706055,80.69999694824219,67.80000305175781,66.0
2026-05-29,98.91000366210938,31.423999786376953,159.27000427246094,6.7795000076293945,6.741720199584961,2355.0,4310.0,144.5,289.0,339.0,158.5,213.0,52.70000076293945,82.0,69.30000305175781,66.69999694824219
2026-05-31,98.91000366210938,31.412900924682617,159.35299682617188,6.766200065612793,6.741720199584961,2355.0,4310.0,144.5,289.0,339.0,158.5,213.0,52.70000076293945,82.0,69.30000305175781,66.69999694824219
2026-06-01,99.19999694824219,31.33049964904785,159.63600158691406,6.764999866485596,6.741720199584961,2355.0,4555.0,146.0,293.5,372.5,174.0,224.0,54.900001525878906,84.4000015258789,69.80000305175781,68.0
2026-06-02,99.22000122070312,31.478200912475586,159.96800231933594,6.762199878692627,6.741720199584961,2380.0,4525.0,141.5,301.5,400.5,191.0,231.0,53.599998474121094,84.19999694824219,69.80000305175781,68.9000015258789
2026-06-03,99.52999877929688,31.50550079345703,159.94000244140625,6.769199848175049,6.741720199584961,2425.0,4545.0,130.5,309.0,417.0,194.0,237.0,53.70000076293945,83.9000015258789,70.4000015258789,69.30000305175781
2026-06-04,99.41000366210938,31.503000259399414,159.99000549316406,6.773499965667725,6.741720199584961,2385.0,4430.0,125.0,293.0,404.0,176.0,236.0,53.20000076293945,83.69999694824219,70.5999984741211,68.5999984741211
2026-06-05,100.06999969482422,31.503000259399414,159.99000549316406,6.773499965667725,6.741720199584961,2365.0,4300.0,131.5,284.5,390.5,171.0,232.0,54.5,86.0999984741211,70.80000305175781,69.0999984741211
2026-06-07,100.06999969482422,31.58810043334961,160.32699584960938,6.765500068664551,6.741720199584961,2365.0,4300.0,131.5,284.5,390.5,171.0,232.0,54.5,86.0999984741211,70.80000305175781,69.0999984741211
2026-06-08,100.05000305175781,31.582000732421875,160.1739959716797,6.765500068664551,6.741720199584961,2295.0,4070.0,121.0,269.5,376.5,163.5,224.0,51.70000076293945,84.5999984741211,70.5999984741211,68.0
2026-06-09,99.91000366210938,31.5408992767334,160.38400268554688,6.772500038146973,6.741720199584961,2305.0,4475.0,127.5,277.5,375.0,165.5,222.0,51.599998474121094,84.69999694824219,71.30000305175781,68.5999984741211
2026-06-10,99.94999694824219,31.649799346923828,160.52699279785156,6.772500038146973,6.741720199584961,2255.0,4155.0,118.5,263.0,380.5,158.0,223.0,50.599998474121094,83.0999984741211,72.0,69.0
2026-06-11,99.86000061035156,31.57900047302246,160.1300048828125,6.7754998207092285,6.741720199584961,2250.0,4085.0,125.0,258.5,370.0,152.5,226.0,51.099998474121094,83.80000305175781,75.69999694824219,73.69999694824219
2026-06-12,99.75,31.57900047302246,160.1300048828125,6.7754998207092285,6.741720199584961,2310.0,4180.0,133.5,260.5,372.0,156.0,228.0,52.400001525878906,85.0,75.4000015258789,73.4000015258789
2026-06-14,99.75,31.613000869750977,159.9550018310547,6.765999794006348,6.741720199584961,2310.0,4180.0,133.5,260.5,372.0,156.0,228.0,52.400001525878906,85.0,75.4000015258789,73.4000015258789
2026-06-15,99.62999725341797,31.518600463867188,160.22900390625,6.756999969482422,6.741720199584961,2375.0,4470.0,141.5,267.5,370.0,161.5,224.5,51.20000076293945,83.5,76.19999694824219,73.69999694824219
2026-06-16,99.54000091552734,31.563899993896484,160.41900634765625,6.757199764251709,6.741720199584961,2400.0,4560.0,141.0,269.0,362.5,158.0,220.5,51.0,81.5,76.69999694824219,74.0999984741211
2026-06-17,100.08999633789062,31.638399124145508,160.60000610351562,6.757199764251709,6.741720199584961,2385.0,4460.0,140.0,272.0,374.0,162.5,194.0,51.599998474121094,80.4000015258789,75.19999694824219,73.0
2026-06-18,100.8499984741211,31.635900497436523,161.28900146484375,6.768599987030029,6.741720199584961,2410.0,4390.0,145.5,268.5,376.0,161.5,193.0,51.29999923706055,80.4000015258789,74.0999984741211,72.0999984741211
2026-06-21,100.8499984741211,31.70199966430664,161.43299865722656,6.768599987030029,6.741720199584961,2410.0,4390.0,145.5,268.5,376.0,161.5,193.0,51.29999923706055,80.4000015258789,74.0999984741211,72.0999984741211
2026-06-22,101.0199966430664,31.687000274658203,161.57000732421875,6.774499893188477,6.741720199584961,2510.0,4465.0,160.0,268.5,380.0,162.5,193.0,52.29999923706055,80.5,75.5,73.4000015258789
2026-06-23,101.41000366210938,31.70210075378418,161.5989990234375,6.789999961853027,6.741720199584961,2490.0,4535.0,170.0,259.5,372.5,158.5,189.0,51.29999923706055,78.69999694824219,73.69999694824219,72.0999984741211
2026-06-24,101.61000061035156,31.808000564575195,161.76300048828125,6.789999961853027,6.741720199584961,2390.0,4285.0,178.0,256.0,372.0,157.5,186.5,51.599998474121094,78.80000305175781,73.5999984741211,71.5
2026-06-25,101.43000030517578,31.860000610351562,161.80499267578125,6.789999961853027,6.741720199584961,2390.0,4310.0,178.5,257.5,366.5,160.0,185.0,51.400001525878906,77.9000015258789,74.5,72.80000305175781
2026-06-26,101.36000061035156,31.860000610351562,161.80499267578125,6.789999961853027,6.741720199584961,2340.0,3880.0,164.0,248.5,362.0,153.0,181.0,50.099998474121094,76.69999694824219,76.5,73.5999984741211
2026-06-28,101.36000061035156,31.847000122070312,161.78700256347656,6.797999858856201,6.741720199584961,2340.0,3880.0,164.0,248.5,362.0,153.0,181.0,50.099998474121094,76.69999694824219,76.5,73.5999984741211
2026-06-29,101.11000061035156,31.86590003967285,161.92300415039062,6.793600082397461,6.741720199584961,2370.0,3910.0,164.0,246.5,367.0,154.5,184.0,51.400001525878906,78.5999984741211,77.0999984741211,78.0
2026-06-30,101.19000244140625,31.834400177001953,162.6280059814453,6.793600082397461,6.741720199584961,2410.0,4245.0,164.5,251.0,368.0,158.5,184.5,52.0,79.19999694824219,78.69999694824219,78.30000305175781
2026-07-01,101.38999938964844,31.894800186157227,162.53900146484375,6.7941999435424805,6.741720199584961,2505.0,4335.0,169.0,248.0,372.0,159.5,185.5,50.70000076293945,78.30000305175781,77.4000015258789,77.69999694824219
2026-07-02,100.86000061035156,31.93090057373047,161.44900512695312,6.788599967956543,6.741720199584961,2465.0,4345.0,165.5,239.0,369.0,158.5,185.5,51.0,78.9000015258789,75.5,74.80000305175781
2026-07-03,100.86000061035156,31.93090057373047,161.44900512695312,6.788599967956543,6.741720199584961,2445.0,4195.0,170.5,240.5,377.0,159.0,195.0,52.400001525878906,82.80000305175781,76.19999694824219,76.5999984741211
2026-07-05,100.86000061035156,31.92799949645996,161.45199584960938,6.788599967956543,6.741720199584961,2445.0,4195.0,170.5,240.5,377.0,159.0,195.0,52.400001525878906,82.80000305175781,76.19999694824219,76.5999984741211
2026-07-06,100.8499984741211,32.054901123046875,162.08799743652344,6.79580020904541,6.741720199584961,2460.0,4125.0,166.0,242.0,378.0,158.0,195.5,53.0,80.0,77.0999984741211,75.9000015258789
2026-07-07,101.13999938964844,32.13589859008789,162.36300659179688,6.793399810791016,6.741720199584961,2440.0,4030.0,155.0,237.0,373.0,155.5,188.0,51.099998474121094,77.0,75.69999694824219,75.0
2026-07-08,101.05000305175781,32.10919952392578,162.53900146484375,6.802499771118164,6.741720199584961,2465.0,3995.0,163.0,237.5,377.0,146.5,196.0,52.29999923706055,79.4000015258789,74.0999984741211,74.19999694824219
2026-07-09,100.94000244140625,32.097198486328125,162.36300659179688,6.792099952697754,6.741720199584961,2415.0,3925.0,156.0,237.5,373.5,144.5,194.5,51.599998474121094,80.4000015258789,72.69999694824219,72.80000305175781
2026-07-10,100.97000122070312,32.097198486328125,162.36300659179688,6.792099952697754,6.741720199584961,2415.0,3925.0,156.0,237.5,373.5,144.5,194.5,51.599998474121094,80.4000015258789,72.69999694824219,72.80000305175781
2026-07-12,100.97000122070312,32.099098205566406,161.8780059814453,6.776599884033203,6.741720199584961,2415.0,3925.0,156.0,237.5,373.5,144.5,194.5,51.599998474121094,80.4000015258789,72.69999694824219,72.80000305175781
2026-07-13,101.27999877929688,32.1619987487793,162.4290008544922,6.7795000076293945,6.741720199584961,2440.0,3825.0,153.5,236.5,378.0,143.5,195.0,50.099998474121094,79.19999694824219,79.9000015258789,75.4000015258789
2026-07-14,100.94000244140625,32.1338996887207,162.18699645996094,6.769999980926514,6.741720199584961,2420.0,3660.0,151.0,235.5,380.0,142.5,194.5,48.0,79.4000015258789,81.30000305175781,76.0999984741211
2026-07-15,100.5,32.210899353027344,162.07200622558594,6.768199920654297,6.741720199584961,2440.0,3740.0,166.0,239.0,381.0,145.5,199.5,50.20000076293945,81.69999694824219,80.0,76.5999984741211
2026-07-16,100.7300033569336,32.26430130004883,162.37600708007812,6.772500038146973,6.741720199584961,2470.0,3700.0,160.0,242.5,352.0,146.5,200.0,50.20000076293945,80.69999694824219,88.0,84.19999694824219
2026-07-17,100.75,32.26430130004883,162.37600708007812,6.772500038146973,6.741720199584961,2290.0,3370.0,144.0,234.0,325.5,139.0,198.0,49.20000076293945,79.5,86.5999984741211,84.0
2026-07-19,100.75,32.3129997253418,162.51199340820312,6.772500038146973,6.741720199584961,2290.0,3370.0,144.0,234.0,325.5,139.0,198.0,49.20000076293945,79.5,86.5999984741211,84.0
2026-07-20,100.98999786376953,32.275901794433594,162.48699951171875,6.772500038146973,6.741720199584961,2320.0,3340.0,130.0,234.5,316.0,143.5,196.0,49.0,80.5,83.9000015258789,79.80000305175781
2026-07-21,101.18000030517578,32.325401306152344,163.18600463867188,6.765600204467773,6.741720199584961,2410.0,3670.0,134.5,246.0,324.0,149.5,203.0,50.900001525878906,85.19999694824219,84.5999984741211,80.4000015258789
2026-07-22,101.13999938964844,32.37910079956055,163.08099365234375,6.772500038146973,6.741720199584961,2400.0,3850.0,139.0,251.5,329.0,164.0,206.0,51.400001525878906,85.0999984741211,84.5999984741211,79.30000305175781
2026-07-23,101.43000030517578,32.29899978637695,163.83200073242188,6.772500038146973,6.741720199584961,2405.0,3875.0,138.5,257.5,336.0,173.5,203.5,50.5,84.5,85.5,78.0999984741211
2026-07-24,101.47000122070312,32.29899978637695,163.83200073242188,6.772500038146973,6.741720199584961,2350.0,3750.0,128.0,252.5,328.0,179.0,206.0,51.5,87.0,88.69999694824219,78.9000015258789
2026-07-26,101.47000122070312,32.32229995727539,163.61099243164062,6.7718000411987305,6.741720199584961,2350.0,3750.0,128.0,252.5,328.0,179.0,206.0,51.5,87.0,88.69999694824219,78.9000015258789
2026-07-27,101.51000213623047,32.301998138427734,163.77099609375,6.765699863433838,6.741720199584961,2350.0,3680.0,126.0,253.0,322.0,177.0,203.5,51.099998474121094,84.0,85.5,78.0
2026-07-28,101.37999725341797,32.363800048828125,163.86399841308594,6.770999908447266,6.741720199584961,2280.0,3315.0,113.5,238.0,313.5,170.0,200.0,50.70000076293945,83.5999984741211,85.0,77.19999694824219
2026-07-29,100.80000305175781,32.348899841308594,163.3000030517578,6.76609992980957,6.741720199584961,2200.0,3150.0,102.5,237.0,309.5,169.5,201.5,50.099998474121094,85.0,87.4000015258789,79.19999694824219
2026-07-30,100.01000213623047,32.39500045776367,160.18299865722656,6.755000114440918,6.741720199584961,2205.0,3235.0,110.0,229.5,279.0,160.0,201.0,50.0,84.4000015258789,86.0999984741211,78.4000015258789
2026-07-31,99.80000305175781,32.39500045776367,160.18299865722656,6.755000114440918,6.741720199584961,2425.0,3555.0,121.0,250.5,291.5,176.0,204.0,50.79999923706055,84.69999694824219,84.5,76.80000305175781
2026-08-02,99.80000305175781,32.29309844970703,157.58200073242188,6.750899791717529,6.741720199584961,2425.0,3555.0,121.0,250.5,291.5,176.0,204.0,50.79999923706055,84.69999694824219,84.5,76.80000305175781
2026-08-03,99.95999908447266,32.395999908447266,157.5290069580078,6.752299785614014,6.741720199584961,2370.0,3910.0,118.0,253.0,296.5,186.0,207.5,50.79999923706055,86.0999984741211,84.0,76.4000015258789
2026-08-04,99.88999938964844,32.39509963989258,157.69200134277344,6.753200054168701,6.741720199584961,2320.0,3865.0,118.5,250.0,300.5,195.0,206.0,51.0,86.0999984741211,84.0,76.19999694824219
2026-08-05,99.69000244140625,32.264801025390625,157.60000610351562,6.74970006942749,6.741720199584961,2405.0,4000.0,122.0,258.5,304.0,193.0,205.0,50.599998474121094,85.4000015258789,85.0999984741211,78.30000305175781
2026-08-06,99.97000122070312,32.2067985534668,158.40899658203125,6.748799800872803,6.741720199584961,2365.0,3920.0,121.5,264.5,302.0,189.5,204.0,50.400001525878906,84.30000305175781,90.19999694824219,79.5
2026-08-07,99.5999984741211,32.2067985534668,158.40899658203125,6.748799800872803,6.741720199584961,2370.0,3900.0,116.0,260.0,298.0,183.5,207.5,50.5,84.9000015258789,92.4000015258789,80.80000305175781
2026-08-09,99.5999984741211,32.23509979248047,157.89100646972656,6.747399806976318,6.741720199584961,2370.0,3900.0,116.0,260.0,298.0,183.5,207.5,50.5,84.9000015258789,92.4000015258789,80.80000305175781
2026-08-10,99.80999755859375,32.22710037231445,159.156005859375,6.747399806976318,6.741720199584961,2380.0,3960.0,123.0,264.5,313.5,193.0,214.0,51.599998474121094,87.5,101.5,86.0
2026-08-11,99.81999969482422,32.20909881591797,159.26499938964844,6.744999885559082,6.741720199584961,2395.0,4020.0,123.0,263.0,315.5,191.0,218.0,52.0,87.0999984741211,111.5,94.30000305175781
2026-08-12,100.01000213623047,32.202301025390625,159.3280029296875,6.743299961090088,6.741720199584961,2415.0,4015.0,123.0,270.0,325.5,193.5,214.5,51.70000076293945,87.0999984741211,109.0,93.30000305175781
2026-08-13,99.95999908447266,32.12409973144531,159.42599487304688,6.742800235748291,6.741720199584961,2435.0,4225.0,124.5,262.0,325.0,197.0,215.5,51.400001525878906,87.5,105.0,85.5
2026-08-14,99.66999816894531,32.12409973144531,159.42599487304688,6.742800235748291,6.741720199584961,2395.0,4210.0,121.0,259.5,327.5,193.5,219.0,51.599998474121094,90.5999984741211,101.0,83.30000305175781
2026-08-16,99.66999816894531,31.99020004272461,159.22300720214844,6.742800235748291,6.741720199584961,2395.0,4210.0,121.0,259.5,327.5,193.5,219.0,51.599998474121094,90.5999984741211,101.0,83.30000305175781
2026-08-17,99.63999938964844,31.850299835205078,159.33999633789062,6.7399001121521,6.741720199584961,2400.0,4050.0,121.5,255.0,333.5,187.0,231.5,54.70000076293945,99.5999984741211,97.4000015258789,81.5
2026-08-18,99.6500015258789,31.850299835205078,159.33999633789062,6.7399001121521,6.741720199584961,2380.0,3885.0,119.0,249.0,327.0,181.0,238.0,56.20000076293945,105.0,97.4000015258789,80.5999984741211
2026-08-19,99.55259704589844,31.895000457763672,159.34500122070312,6.739699840545654,6.741720199584961,2350.0,3825.0,115.0,246.5,326.5,179.0,238.5,57.099998474121094,105.0,99.9000015258789,82.5999984741211
